FECHA_APERTURA;MES;REGIONAL;DAVIDA;DESEMPLEO_VEHICULO;DESEMPLEO_FIJO;DESEMPLEO_LIBRANZA;DESEMPLEO_HIPOTECARIO;ACCIDENTES_PERSONALES;DESEMPLEO_TDC;HOGAR;INCENDIO_TERREMOTO_REINV;PROTECCION_TARJETAS;RENTA_DIARIA;SOAT;TRANQUILIDAD_MUJER;VEHICULO;VIDA_DEUDORES_REINV;crit_DAVIDA;crit_DESEMPLEO_FIJO;crit_DESEMPLEO_HIPOTECARIO;crit_DESEMPLEO_LIBRANZA;crit_DESEMPLEO_VEHICULO;crit_ACCIDENTES_PERSONALES;crit_DESEMPLEO_TDC;crit_HOGAR;crit_INCENDIO_TERREMOTO_REINV;crit_PROTECCION_TARJETAS;crit_RENTA_DIARIA;crit_SOAT;crit_TRANQUILIDAD_MUJER;crit_VEHICULO;crit_VIDA_DEUDORES_REINV;VAL_DAVIDA;VAL_DESEMPLEO_FIJO;VAL_DESEMPLEO_HIPOTECARIO;VAL_DESEMPLEO_VEHICULO;VAL_DESEMPLEO_LIBRANZA;VAL_ACCIDENTES_PERSONALES;VAL_DESEMPLEO_TDC;VAL_HOGAR;VAL_INCENDIO_TERREMOTO_REINV;VAL_PROTECCION_TARJETAS;VAL_RENTA_DIARIA;VAL_SOAT;VAL_TRANQUILIDAD_MUJER;VAL_VEHICULO;VAL_VIDA_DEUDORES_REINV;OP_ACCIDENTES_PERSONALES_ACTIVACION_TDC;OP_DAVIDA_ACTIVACION_TDC;OP_DESEMPLEO_FIJO_ACTIVACION_TDC;OP_DESEMPLEO_HIPOTECARIO_ACTIVACION_TDC;OP_DESEMPLEO_LIBRANZA_ACTIVACION_TDC;OP_DESEMPLEO_TDC_ACTIVACION_TDC;OP_DESEMPLEO_VEHICULO_ACTIVACION_TDC;OP_HOGAR_ACTIVACION_TDC;OP_INCENDIO_TERREMOTO_REINV_ACTIVACION_TDC;OP_PROTECCION_TARJETAS_ACTIVACION_TDC;OP_RENTA_DIARIA_ACTIVACION_TDC;OP_SOAT_ACTIVACION_TDC;OP_TRANQUILIDAD_MUJER_ACTIVACION_TDC;OP_VEHICULO_ACTIVACION_TDC;OP_VIDA_DEUDORES_REINV_ACTIVACION_TDC;OP_ACCIDENTES_PERSONALES_APERTURAS_PASIVO;OP_DAVIDA_APERTURAS_PASIVO;OP_DESEMPLEO_FIJO_APERTURAS_PASIVO;OP_DESEMPLEO_HIPOTECARIO_APERTURAS_PASIVO;OP_DESEMPLEO_LIBRANZA_APERTURAS_PASIVO;OP_DESEMPLEO_TDC_APERTURAS_PASIVO;OP_DESEMPLEO_VEHICULO_APERTURAS_PASIVO;OP_HOGAR_APERTURAS_PASIVO;OP_INCENDIO_TERREMOTO_REINV_APERTURAS_PASIVO;OP_PROTECCION_TARJETAS_APERTURAS_PASIVO;OP_RENTA_DIARIA_APERTURAS_PASIVO;OP_SOAT_APERTURAS_PASIVO;OP_TRANQUILIDAD_MUJER_APERTURAS_PASIVO;OP_VEHICULO_APERTURAS_PASIVO;OP_VIDA_DEUDORES_REINV_APERTURAS_PASIVO;OP_ACCIDENTES_PERSONALES_APROBACIONES_CREDITOS;OP_DAVIDA_APROBACIONES_CREDITOS;OP_DESEMPLEO_FIJO_APROBACIONES_CREDITOS;OP_DESEMPLEO_HIPOTECARIO_APROBACIONES_CREDITOS;OP_DESEMPLEO_LIBRANZA_APROBACIONES_CREDITOS;OP_DESEMPLEO_TDC_APROBACIONES_CREDITOS;OP_DESEMPLEO_VEHICULO_APROBACIONES_CREDITOS;OP_HOGAR_APROBACIONES_CREDITOS;OP_INCENDIO_TERREMOTO_REINV_APROBACIONES_CREDITOS;OP_PROTECCION_TARJETAS_APROBACIONES_CREDITOS;OP_RENTA_DIARIA_APROBACIONES_CREDITOS;OP_SOAT_APROBACIONES_CREDITOS;OP_TRANQUILIDAD_MUJER_APROBACIONES_CREDITOS;OP_VEHICULO_APROBACIONES_CREDITOS;OP_VIDA_DEUDORES_REINV_APROBACIONES_CREDITOS;OP_ACCIDENTES_PERSONALES_DESEMBOLSOS_CREDITOS;OP_DAVIDA_DESEMBOLSOS_CREDITOS;OP_DESEMPLEO_FIJO_DESEMBOLSOS_CREDITOS;OP_DESEMPLEO_HIPOTECARIO_DESEMBOLSOS_CREDITOS;OP_DESEMPLEO_LIBRANZA_DESEMBOLSOS_CREDITOS;OP_DESEMPLEO_TDC_DESEMBOLSOS_CREDITOS;OP_DESEMPLEO_VEHICULO_DESEMBOLSOS_CREDITOS;OP_HOGAR_DESEMBOLSOS_CREDITOS;OP_INCENDIO_TERREMOTO_REINV_DESEMBOLSOS_CREDITOS;OP_PROTECCION_TARJETAS_DESEMBOLSOS_CREDITOS;OP_RENTA_DIARIA_DESEMBOLSOS_CREDITOS;OP_SOAT_DESEMBOLSOS_CREDITOS;OP_TRANQUILIDAD_MUJER_DESEMBOLSOS_CREDITOS;OP_VEHICULO_DESEMBOLSOS_CREDITOS;OP_VIDA_DEUDORES_REINV_DESEMBOLSOS_CREDITOS;OP_ACCIDENTES_PERSONALES_OTRA;OP_DAVIDA_OTRA;OP_DESEMPLEO_FIJO_OTRA;OP_DESEMPLEO_HIPOTECARIO_OTRA;OP_DESEMPLEO_LIBRANZA_OTRA;OP_DESEMPLEO_TDC_OTRA;OP_DESEMPLEO_VEHICULO_OTRA;OP_HOGAR_OTRA;OP_INCENDIO_TERREMOTO_REINV_OTRA;OP_PROTECCION_TARJETAS_OTRA;OP_RENTA_DIARIA_OTRA;OP_SOAT_OTRA;OP_TRANQUILIDAD_MUJER_OTRA;OP_VEHICULO_OTRA;OP_VIDA_DEUDORES_REINV_OTRA;OP_ACCIDENTES_PERSONALES_PREAPROBADOS;OP_DAVIDA_PREAPROBADOS;OP_DESEMPLEO_FIJO_PREAPROBADOS;OP_DESEMPLEO_HIPOTECARIO_PREAPROBADOS;OP_DESEMPLEO_LIBRANZA_PREAPROBADOS;OP_DESEMPLEO_TDC_PREAPROBADOS;OP_DESEMPLEO_VEHICULO_PREAPROBADOS;OP_HOGAR_PREAPROBADOS;OP_INCENDIO_TERREMOTO_REINV_PREAPROBADOS;OP_PROTECCION_TARJETAS_PREAPROBADOS;OP_RENTA_DIARIA_PREAPROBADOS;OP_SOAT_PREAPROBADOS;OP_TRANQUILIDAD_MUJER_PREAPROBADOS;OP_VEHICULO_PREAPROBADOS;OP_VIDA_DEUDORES_REINV_PREAPROBADOS;OP_ACCIDENTES_PERSONALES_SOLICITUDES;OP_DAVIDA_SOLICITUDES;OP_DESEMPLEO_FIJO_SOLICITUDES;OP_DESEMPLEO_HIPOTECARIO_SOLICITUDES;OP_DESEMPLEO_LIBRANZA_SOLICITUDES;OP_DESEMPLEO_TDC_SOLICITUDES;OP_DESEMPLEO_VEHICULO_SOLICITUDES;OP_HOGAR_SOLICITUDES;OP_INCENDIO_TERREMOTO_REINV_SOLICITUDES;OP_PROTECCION_TARJETAS_SOLICITUDES;OP_RENTA_DIARIA_SOLICITUDES;OP_SOAT_SOLICITUDES;OP_TRANQUILIDAD_MUJER_SOLICITUDES;OP_VEHICULO_SOLICITUDES;OP_VIDA_DEUDORES_REINV_SOLICITUDES;OP_ACCIDENTES_PERSONALES_TELEMERCADEO;OP_DAVIDA_TELEMERCADEO;OP_DESEMPLEO_FIJO_TELEMERCADEO;OP_DESEMPLEO_HIPOTECARIO_TELEMERCADEO;OP_DESEMPLEO_LIBRANZA_TELEMERCADEO;OP_DESEMPLEO_TDC_TELEMERCADEO;OP_DESEMPLEO_VEHICULO_TELEMERCADEO;OP_HOGAR_TELEMERCADEO;OP_INCENDIO_TERREMOTO_REINV_TELEMERCADEO;OP_PROTECCION_TARJETAS_TELEMERCADEO;OP_RENTA_DIARIA_TELEMERCADEO;OP_SOAT_TELEMERCADEO;OP_TRANQUILIDAD_MUJER_TELEMERCADEO;OP_VEHICULO_TELEMERCADEO;OP_VIDA_DEUDORES_REINV_TELEMERCADEO;OP_ACCIDENTES_PERSONALES_TRANSACCIONES_CAJA;OP_DAVIDA_TRANSACCIONES_CAJA;OP_DESEMPLEO_FIJO_TRANSACCIONES_CAJA;OP_DESEMPLEO_HIPOTECARIO_TRANSACCIONES_CAJA;OP_DESEMPLEO_LIBRANZA_TRANSACCIONES_CAJA;OP_DESEMPLEO_TDC_TRANSACCIONES_CAJA;OP_DESEMPLEO_VEHICULO_TRANSACCIONES_CAJA;OP_HOGAR_TRANSACCIONES_CAJA;OP_INCENDIO_TERREMOTO_REINV_TRANSACCIONES_CAJA;OP_PROTECCION_TARJETAS_TRANSACCIONES_CAJA;OP_RENTA_DIARIA_TRANSACCIONES_CAJA;OP_SOAT_TRANSACCIONES_CAJA;OP_TRANQUILIDAD_MUJER_TRANSACCIONES_CAJA;OP_VEHICULO_TRANSACCIONES_CAJA;OP_VIDA_DEUDORES_REINV_TRANSACCIONES_CAJA;PENETRACION_DAVIDA;PENETRACION_DAVIDA_TXT;PENETRACION_DESEMPLEO_VEHICULO;PENETRACION_DESEMPLEO_VEHICULO_TXT;PENETRACION_DESEMPLEO_LIBRANZA;PENETRACION_DESEMPLEO_LIBRANZA_TXT;PENETRACION_DESEMPLEO_HIPOTECARIO;PENETRACION_DESEMPLEO_HIPOTECARIO_TXT;PENETRACION_DESEMPLEO_FIJO;PENETRACION_DESEMPLEO_FIJO_TXT;PENETRACION_ACCIDENTES_PERSONALES;PENETRACION_ACCIDENTES_PERSONALES_TXT;PENETRACION_DESEMPLEO_TDC;PENETRACION_DESEMPLEO_TDC_TXT;PENETRACION_HOGAR;PENETRACION_HOGAR_TXT;PENETRACION_INCENDIO_TERREMOTO_REINV;PENETRACION_INCENDIO_TERREMOTO_REINV_TXT;PENETRACION_PROTECCION_TARJETAS;PENETRACION_PROTECCION_TARJETAS_TXT;PENETRACION_RENTA_DIARIA;PENETRACION_RENTA_DIARIA_TXT;PENETRACION_SOAT;PENETRACION_SOAT_TXT;PENETRACION_TRANQUILIDAD_MUJER;PENETRACION_TRANQUILIDAD_MUJER_TXT;PENETRACION_VEHICULO;PENETRACION_VEHICULO_TXT;PENETRACION_VIDA_DEUDORES_REINV;PENETRACION_VIDA_DEUDORES_REINV_TXT
01/06/2017;Jun;TODAS;8726;416;2013;8260;488;2222;1712;179;2530;5296;143;1289;1998;1162;2859;1036609;24623;6473;30216;6092;1806;9844;6371;6371;57038;246;0;47271;5952;89020;4156298027;103742569;30376471;17337845;203825708;160584334;15785554;6995101;92404105;115253615;3903125;47683333;34299017;169312116;231212017;0;1505;0;0;0;0;0;0;0;187;0;0;44;0;0;0;192;0;0;0;0;0;0;0;0;0;0;0;0;0;0;33;19;0;1;0;3;32;18;0;0;0;0;4;157;0;1224;1652;338;6645;0;275;43;2403;0;0;0;0;197;2533;535;68;331;148;1603;281;132;104;109;517;139;1289;166;951;164;0;289;11;0;11;0;3;0;0;0;0;0;0;10;5;0;609;0;0;0;0;0;0;0;0;0;0;0;0;0;1687;0;0;2;0;1431;3;0;0;4592;4;0;1788;0;0;0;4806;0;0;0;0;0;0;0;0;0;0;0;0;0;;;;;;;;;;;;;;;;;;;;;;;;;;;;;;
01/06/2017;Jun;ANTIOQUIA;1053;32;128;1695;25;63;23;19;276;51;12;99;11;96;307;86632;2233;658;5458;764;0;0;658;658;1478;0;0;1482;764;12624;473564116;5214487;1317701;1115518;34788894;2480000;317386;744580;12908416;1352856;331654;3665515;414725;16026867;30910517;0;114;0;0;0;0;0;0;0;16;0;0;3;0;0;0;24;0;0;0;0;0;0;0;0;0;0;0;0;0;0;2;3;0;0;0;0;1;2;0;0;0;0;0;11;0;238;101;19;1414;0;24;7;269;0;0;0;0;32;280;63;1;24;6;279;23;8;11;5;35;12;99;8;63;15;0;31;0;0;2;0;0;0;0;0;0;0;0;1;1;0;37;0;0;0;0;0;0;0;0;0;0;0;0;0;0;0;0;0;0;0;0;0;0;0;0;0;0;0;0;0;606;0;0;0;0;0;0;0;0;0;0;0;0;0;1.22;Pen. 1.22%;4.19;Pen. 4.19%;31.06;Pen. 31.06%;3.8;Pen. 3.8%;5.73;Pen. 5.73%;;;;;2.89;Pen. 2.89%;41.95;Pen. 41.95%;3.45;Pen. 3.45%;;;;;0.74;Pen. 0.74%;12.57;Pen. 12.57%;2.43;Pen. 2.43%
01/06/2017;Jun;BOGOTA;2404;156;683;2383;181;114;120;117;895;307;27;673;101;549;1040;416618;8795;1954;7947;1295;0;0;1954;1954;6097;0;0;6119;1295;25582;1171979836;40499441;13353708;6911865;67021285;6692000;1777552;5204802;36963133;5464164;767198;25054895;1492150;71438967;97440003;0;625;0;0;0;0;0;0;0;76;0;0;22;0;0;0;55;0;0;0;0;0;0;0;0;0;0;0;0;0;0;10;5;0;1;0;2;19;5;0;0;0;0;2;42;0;182;548;115;1919;0;80;26;838;0;0;0;0;42;898;114;3;126;66;459;120;71;72;52;231;27;673;79;503;96;0;79;4;0;4;0;3;0;0;0;0;0;0;2;4;0;277;0;0;0;0;0;0;0;0;0;0;0;0;0;0;0;0;0;0;0;0;0;0;0;0;0;0;0;0;0;1173;0;0;0;0;0;0;0;0;0;0;0;0;0;0.58;Pen. 0.58%;12.05;Pen. 12.05%;29.99;Pen. 29.99%;9.26;Pen. 9.26%;7.77;Pen. 7.77%;;;;;5.99;Pen. 5.99%;45.8;Pen. 45.8%;5.04;Pen. 5.04%;;;;;1.65;Pen. 1.65%;42.39;Pen. 42.39%;4.07;Pen. 4.07%
01/06/2017;Jun;CARIBE;1044;40;314;866;67;74;28;4;303;100;16;106;27;129;335;117099;3858;827;3762;726;0;0;827;827;2051;0;0;2051;726;11396;530717539;16799636;4454197;1655633;22654706;4564000;333835;104955;9566086;2739315;443537;3941301;511038;20800842;27252187;0;178;0;0;0;0;0;0;0;28;0;0;9;0;0;0;22;0;0;0;0;0;0;0;0;0;0;0;0;0;0;1;1;0;0;0;0;0;2;0;0;0;0;0;22;0;285;259;51;692;0;30;1;290;0;0;0;0;33;301;74;1;52;16;174;28;10;3;11;72;16;106;18;94;12;0;27;2;0;0;0;0;0;0;0;0;0;0;2;0;0;29;0;0;0;0;0;0;0;0;0;0;0;0;0;0;0;0;0;0;0;0;0;0;0;0;0;0;0;0;0;501;0;0;0;0;0;0;0;0;0;0;0;0;0;0.89;Pen. 0.89%;5.51;Pen. 5.51%;23.02;Pen. 23.02%;8.1;Pen. 8.1%;8.14;Pen. 8.14%;;;;;0.48;Pen. 0.48%;36.64;Pen. 36.64%;4.88;Pen. 4.88%;;;;;1.32;Pen. 1.32%;17.77;Pen. 17.77%;2.94;Pen. 2.94%
01/06/2017;Jun;CENTRO SUR;1258;51;297;935;57;91;22;8;271;69;29;101;19;85;306;118967;2848;739;4143;594;0;0;739;739;1772;0;0;1780;594;11881;608827336;14165925;3107979;1981871;26055841;3844000;248330;107566;9841919;1834792;755212;3538278;811166;12438937;23802737;0;157;0;0;0;0;0;0;0;23;0;0;3;0;0;0;28;0;0;0;0;0;0;0;0;0;0;0;0;0;0;4;1;0;0;0;0;0;5;0;0;0;0;1;27;0;165;260;39;738;0;38;4;257;0;0;0;0;12;274;91;4;36;18;196;22;13;4;9;46;29;101;16;70;5;0;57;0;0;1;0;0;0;0;0;0;0;0;2;0;0;51;0;0;0;0;0;0;0;0;0;0;0;0;0;0;0;0;0;0;0;0;0;0;0;0;0;0;0;0;0;792;0;0;0;0;0;0;0;0;0;0;0;0;0;1.06;Pen. 1.06%;8.59;Pen. 8.59%;22.57;Pen. 22.57%;7.71;Pen. 7.71%;10.43;Pen. 10.43%;;;;;1.08;Pen. 1.08%;36.67;Pen. 36.67%;3.89;Pen. 3.89%;;;;;1.07;Pen. 1.07%;14.31;Pen. 14.31%;2.58;Pen. 2.58%
01/06/2017;Jun;CUNDINAMARCA;652;14;124;452;25;37;5;3;252;20;5;36;10;31;268;60022;1426;457;1571;198;0;0;457;457;426;0;0;427;198;5024;264084800;5698867;1065599;487592;9112587;1420000;85846;137797;6677591;263376;151841;1374946;521662;3568718;13175211;0;109;0;0;0;0;0;0;0;3;0;0;1;0;0;0;24;0;0;0;0;0;0;0;0;0;0;0;0;0;0;3;3;0;0;0;0;2;0;0;0;0;0;0;6;0;54;105;17;374;0;9;1;251;0;0;0;0;5;257;37;5;12;8;78;5;5;0;1;17;5;36;9;26;5;0;24;4;0;0;0;0;0;0;0;0;0;0;0;0;0;59;0;0;0;0;0;0;0;0;0;0;0;0;0;0;0;0;0;0;0;0;0;0;0;0;0;0;0;0;0;374;0;0;0;0;0;0;0;0;0;0;0;0;0;1.09;Pen. 1.09%;7.07;Pen. 7.07%;28.77;Pen. 28.77%;5.47;Pen. 5.47%;8.7;Pen. 8.7%;;;;;0.66;Pen. 0.66%;55.14;Pen. 55.14%;4.69;Pen. 4.69%;;;;;2.34;Pen. 2.34%;15.66;Pen. 15.66%;5.33;Pen. 5.33%
01/06/2017;Jun;EJE CAFETERO;786;51;142;632;44;50;25;11;210;46;18;71;10;82;232;82068;1808;587;2353;529;0;0;587;587;1382;0;0;1388;529;7317;383154200;5068089;2005029;2142720;14341929;2904000;390571;85249;5889838;1534685;507470;2596145;165722;13517463;12833680;0;103;0;0;0;0;0;0;0;14;0;0;1;0;0;0;16;0;0;0;0;0;0;0;0;0;0;0;0;0;0;6;2;0;0;0;0;8;3;0;0;0;0;0;19;0;100;116;32;497;0;44;0;196;0;0;0;0;25;204;50;0;24;12;132;25;7;3;11;32;18;71;9;57;9;0;11;0;0;3;0;0;0;0;0;0;0;0;0;0;0;36;0;0;0;0;0;0;0;0;0;0;0;0;0;0;0;0;0;0;0;0;0;0;0;0;0;0;0;0;0;514;0;0;0;0;0;0;0;0;0;0;0;0;0;0.96;Pen. 0.96%;9.64;Pen. 9.64%;26.86;Pen. 26.86%;7.5;Pen. 7.5%;7.85;Pen. 7.85%;;;;;1.87;Pen. 1.87%;35.78;Pen. 35.78%;3.33;Pen. 3.33%;;;;;0.72;Pen. 0.72%;15.5;Pen. 15.5%;3.17;Pen. 3.17%
01/06/2017;Jun;SANTANDERES Y ARAUCA;573;31;144;462;23;63;26;10;100;42;10;49;9;66;114;71004;1540;339;2154;429;0;0;339;339;1054;0;0;1061;429;6136;261363500;6830491;1464114;1648077;11796083;2716000;245018;189058;3344773;1062783;255733;1747116;456946;10169047;9702258;0;92;0;0;0;0;0;0;0;11;0;0;3;0;0;0;11;0;0;0;0;0;0;0;0;0;0;0;0;0;0;2;1;0;0;0;0;2;0;0;0;0;0;0;6;0;60;116;18;367;0;22;4;99;0;0;0;0;22;104;63;0;27;5;94;26;9;4;1;31;10;49;6;43;4;0;17;0;0;1;0;0;0;0;0;0;0;0;1;0;0;73;0;0;0;0;0;0;0;0;0;0;0;0;0;0;0;0;0;0;0;0;0;0;0;0;0;0;0;0;0;318;0;0;0;0;0;0;0;0;0;0;0;0;0;0.81;Pen. 0.81%;7.23;Pen. 7.23%;21.45;Pen. 21.45%;6.78;Pen. 6.78%;9.35;Pen. 9.35%;;;;;2.95;Pen. 2.95%;29.5;Pen. 29.5%;3.98;Pen. 3.98%;;;;;0.85;Pen. 0.85%;15.38;Pen. 15.38%;1.86;Pen. 1.86%
01/06/2017;Jun;VALLE Y CAUCA;905;35;178;790;61;43;18;3;212;66;22;94;17;110;242;84199;1975;810;2827;1389;0;0;810;810;1191;0;0;1198;1389;9060;440280900;9354043;3350350;1155074;16828822;2608000;278067;296598;6951524;1640629;594580;3610254;160706;19607306;15180165;0;127;0;0;0;0;0;0;0;16;0;0;2;0;0;0;12;0;0;0;0;0;0;0;0;0;0;0;0;0;0;5;3;0;0;0;1;0;1;0;0;0;0;1;24;0;140;147;47;644;0;28;0;203;0;0;0;0;26;215;43;3;27;14;146;18;6;3;8;50;22;94;15;81;3;0;43;1;0;0;0;0;0;0;0;0;0;0;2;0;0;47;0;0;0;0;0;0;0;0;0;0;0;0;0;0;0;0;0;0;0;0;0;0;0;0;0;0;0;0;0;528;0;0;0;0;0;0;0;0;0;0;0;0;0;1.07;Pen. 1.07%;2.52;Pen. 2.52%;27.94;Pen. 27.94%;7.53;Pen. 7.53%;9.01;Pen. 9.01%;;;;;0.37;Pen. 0.37%;26.17;Pen. 26.17%;5.54;Pen. 5.54%;;;;;1.42;Pen. 1.42%;7.92;Pen. 7.92%;2.67;Pen. 2.67%
01/06/2017;Jun;OTRA;51;6;3;45;5;1687;1445;4;11;4595;4;60;1794;14;15;0;140;102;1;168;1806;9844;0;0;41587;246;0;31765;28;0;22325800;111590;257794;239495;1225561;133356334;12108949;124496;260825;99361015;95900;2154883;29764902;1743969;915259;0;0;0;0;0;0;0;0;0;0;0;0;0;0;0;0;0;0;0;0;0;0;0;0;0;0;0;0;0;0;0;0;0;0;0;0;0;0;0;0;0;0;0;0;0;0;0;0;0;0;0;0;0;0;0;0;0;0;0;0;0;51;3;3;45;14;3;4;11;3;0;60;6;14;15;0;0;0;0;0;0;0;0;0;0;0;0;0;0;0;0;0;0;0;0;0;0;0;0;0;0;0;0;0;0;1687;0;0;2;0;1431;3;0;0;4592;4;0;1788;0;0;0;0;0;0;0;0;0;0;0;0;0;0;0;0;0;;;3.57;Pen. 3.57%;4500.0;Pen. 4500.0%;4.9;Pen. 4.9%;2.14;Pen. 2.14%;93.41;Pen. 93.41%;14.68;Pen. 14.68%;;;;;11.05;Pen. 11.05%;1.63;Pen. 1.63%;;;5.65;Pen. 5.65%;50.0;Pen. 50.0%;;
01/07/2017;Jul;TODAS;8089;370;1793;7053;536;1992;1522;141;2524;5042;322;1403;2465;471;2858;1100719;23555;7355;28848;4817;20159;10246;7332;7332;57843;5210;0;47677;4808;83365;3934499639;101143494;35992757;16560123;201699097;282612000;30525455;7356282;104873715;80412573;8106961;50784749;38089060;71514869;231033290;0;1125;0;0;0;0;0;0;0;164;0;0;66;0;0;0;167;0;0;0;0;0;0;0;0;0;0;0;0;0;0;75;129;0;511;0;1;22;18;0;0;0;0;4;164;0;1178;1616;400;6298;0;292;44;2282;0;0;0;0;154;2398;46;41;46;121;242;268;72;75;224;542;211;1403;220;309;281;0;225;1;0;2;0;3;0;0;0;0;0;0;3;15;0;743;0;0;0;0;0;0;0;0;0;0;0;0;0;1946;0;1;15;0;1254;2;0;0;4336;111;0;2179;1;0;0;4535;0;0;0;0;0;0;0;0;0;0;0;0;0;;;;;;;;;;;;;;;;;;;;;;;;;;;;;;
01/07/2017;Jul;ANTIOQUIA;1012;48;133;1599;25;4;15;13;190;50;9;82;20;58;231;93708;2157;709;5431;650;0;0;709;709;1743;0;0;1746;650;12215;457270694;6769306;1627350;1768923;35923519;252000;1654708;1105955;11138312;819822;187806;2845046;472112;9601440;24482097;0;100;0;0;0;0;0;0;0;9;0;0;4;0;0;0;9;0;0;0;0;0;0;0;0;0;0;0;0;0;0;15;9;0;132;0;1;3;2;0;0;0;0;0;15;0;220;122;15;1437;0;41;5;177;0;0;0;0;30;192;4;0;2;10;30;15;5;5;11;41;9;82;16;28;21;0;25;0;0;0;0;1;0;0;0;0;0;0;0;3;0;61;0;0;0;0;0;0;0;0;0;0;0;0;0;0;0;0;0;0;0;0;0;0;0;0;0;0;0;0;0;582;0;0;0;0;0;0;0;0;0;0;0;0;0;1.08;Pen. 1.08%;7.38;Pen. 7.38%;29.44;Pen. 29.44%;3.53;Pen. 3.53%;6.17;Pen. 6.17%;;;;;1.83;Pen. 1.83%;26.8;Pen. 26.8%;2.87;Pen. 2.87%;;;;;1.15;Pen. 1.15%;8.92;Pen. 8.92%;1.89;Pen. 1.89%
01/07/2017;Jul;BOGOTA;2208;137;579;2105;206;15;125;98;868;341;73;728;141;200;989;434789;8188;1979;7549;1217;0;0;1979;1979;6299;0;0;6339;1217;23664;1117946779;36247705;15411725;6491801;67131662;2128000;5863607;5560534;42893283;7453597;1684852;26623614;4179849;26940180;100137799;0;444;0;0;0;0;0;0;0;77;0;0;30;0;0;0;64;0;0;0;0;0;0;0;0;0;0;0;0;0;0;8;46;0;156;0;0;16;5;0;0;0;0;1;36;0;205;516;152;1850;0;88;27;755;0;0;0;0;28;799;15;0;17;54;98;125;47;55;108;264;73;728;111;170;149;0;75;0;0;1;0;2;0;0;0;0;0;0;1;5;0;339;0;0;0;0;0;0;0;0;0;0;0;0;0;0;0;0;0;0;0;0;0;0;0;0;0;0;0;0;0;1073;0;0;0;0;0;0;0;0;0;0;0;0;0;0.51;Pen. 0.51%;11.26;Pen. 11.26%;27.88;Pen. 27.88%;10.41;Pen. 10.41%;7.07;Pen. 7.07%;;;;;4.95;Pen. 4.95%;43.86;Pen. 43.86%;5.41;Pen. 5.41%;;;;;2.22;Pen. 2.22%;16.43;Pen. 16.43%;4.18;Pen. 4.18%
01/07/2017;Jul;CARIBE;1043;34;265;787;92;8;24;1;477;95;23;139;34;59;511;124965;3807;1165;3691;623;0;0;1165;1165;1853;0;0;1859;623;11211;550702931;16147627;6647458;1602915;25734518;1896000;1920762;77475;12957434;2004088;655319;4867843;656418;10674564;27229551;0;155;0;0;0;0;0;0;0;25;0;0;9;0;0;0;28;0;0;0;0;0;0;0;0;0;0;0;0;0;0;24;22;0;59;0;0;0;1;0;0;0;0;0;25;0;255;236;74;699;0;31;0;450;0;0;0;0;28;462;8;0;7;18;29;24;3;1;26;70;23;139;25;31;21;0;19;0;0;0;0;0;0;0;0;0;0;0;0;3;0;47;0;0;0;0;0;0;0;0;0;0;0;0;0;0;0;0;0;0;0;0;0;0;0;0;0;0;0;0;0;515;0;0;0;0;0;0;0;0;0;0;0;0;0;0.83;Pen. 0.83%;5.46;Pen. 5.46%;21.32;Pen. 21.32%;7.9;Pen. 7.9%;6.96;Pen. 6.96%;;;;;0.09;Pen. 0.09%;40.94;Pen. 40.94%;5.13;Pen. 5.13%;;;;;1.83;Pen. 1.83%;9.47;Pen. 9.47%;4.56;Pen. 4.56%
01/07/2017;Jul;CENTRO SUR;1212;32;291;712;43;5;25;8;272;86;30;95;31;26;314;130427;2793;933;3924;524;0;0;933;933;1674;0;0;1679;524;11268;575476100;14119703;2799410;1720937;23868149;984000;2002410;175579;10870448;1957193;818348;3626191;1217242;3671712;22925597;0;133;0;0;0;0;0;0;0;28;0;0;9;0;0;0;19;0;0;0;0;0;0;0;0;0;0;0;0;0;0;8;15;0;47;0;0;1;5;0;0;0;0;1;31;0;175;271;34;627;0;26;2;245;0;0;0;0;7;263;5;0;5;9;38;25;6;5;22;58;30;95;22;18;19;0;36;0;0;0;0;0;0;0;0;0;0;0;0;1;0;76;0;0;0;0;0;0;0;0;0;0;0;0;0;0;0;0;0;0;0;0;0;0;0;0;0;0;0;0;0;765;0;0;0;0;0;0;0;0;0;0;0;0;0;0.93;Pen. 0.93%;6.11;Pen. 6.11%;18.14;Pen. 18.14%;4.61;Pen. 4.61%;10.42;Pen. 10.42%;;;;;0.86;Pen. 0.86%;29.15;Pen. 29.15%;5.14;Pen. 5.14%;;;;;1.85;Pen. 1.85%;4.96;Pen. 4.96%;2.79;Pen. 2.79%
01/07/2017;Jul;CUNDINAMARCA;486;6;116;349;20;0;3;2;222;19;14;34;6;18;231;62633;1370;435;1458;196;0;0;435;435;349;0;0;351;196;4515;217435800;6442587;755985;244233;9078181;0;49248;90177;6940650;647574;298091;1324052;106410;2916423;12159978;0;54;0;0;0;0;0;0;0;4;0;0;1;0;0;0;14;0;0;0;0;0;0;0;0;0;0;0;0;0;0;2;8;0;30;0;0;1;2;0;0;0;0;0;4;0;40;104;14;311;0;4;0;211;0;0;0;0;4;213;0;0;4;6;8;3;2;1;9;15;14;34;5;13;13;0;20;0;0;0;0;0;0;0;0;0;0;0;1;1;0;70;0;0;0;0;0;0;0;0;0;0;0;0;0;0;0;0;0;0;0;0;0;0;0;0;0;0;0;0;0;286;0;0;0;0;0;0;0;0;0;0;0;0;0;0.78;Pen. 0.78%;3.06;Pen. 3.06%;23.94;Pen. 23.94%;4.6;Pen. 4.6%;8.47;Pen. 8.47%;;;;;0.46;Pen. 0.46%;51.03;Pen. 51.03%;5.44;Pen. 5.44%;;;;;1.71;Pen. 1.71%;9.18;Pen. 9.18%;5.12;Pen. 5.12%
01/07/2017;Jul;EJE CAFETERO;648;35;113;502;27;11;21;2;167;37;19;102;14;20;199;88117;1671;713;2123;475;0;0;713;713;1498;0;0;1501;475;6712;317000000;5214336;1453009;1025960;13261073;1904000;1002113;15925;6789279;931138;455525;3529778;783460;2997479;12794926;0;63;0;0;0;0;0;0;0;6;0;0;6;0;0;0;7;0;0;0;0;0;0;0;0;0;0;0;0;0;0;6;12;0;28;0;0;0;3;0;0;0;0;0;26;0;87;99;20;467;0;32;0;140;0;0;0;0;9;150;11;0;2;7;6;21;3;2;24;31;19;102;8;10;22;0;6;0;0;1;0;0;0;0;0;0;0;0;1;1;0;32;0;0;0;0;0;0;0;0;0;0;0;0;0;0;0;0;0;0;0;0;0;0;0;0;0;0;0;0;0;447;0;0;0;0;0;0;0;0;0;0;0;0;0;0.74;Pen. 0.74%;7.37;Pen. 7.37%;23.65;Pen. 23.65%;3.79;Pen. 3.79%;6.76;Pen. 6.76%;;;;;0.28;Pen. 0.28%;23.42;Pen. 23.42%;2.47;Pen. 2.47%;;;;;0.93;Pen. 0.93%;4.21;Pen. 4.21%;2.96;Pen. 2.96%
01/07/2017;Jul;SANTANDERES Y ARAUCA;510;25;127;352;41;0;16;13;106;45;10;56;20;34;117;77261;1529;491;1990;357;0;0;491;491;899;0;0;903;357;5719;243733100;7161872;2150123;1390914;10710561;0;215657;256282;3817723;890461;227763;2070717;482830;5596933;8684877;0;74;0;0;0;0;0;0;0;8;0;0;4;0;0;0;14;0;0;0;0;0;0;0;0;0;0;0;0;0;0;4;7;0;16;0;0;1;0;0;0;0;0;1;6;0;59;116;37;322;0;24;9;98;0;0;0;0;22;100;0;0;4;4;14;16;1;3;8;37;10;56;16;11;10;0;9;0;0;0;0;0;0;0;0;0;0;0;0;1;0;56;0;0;0;0;0;0;0;0;0;0;0;0;0;0;0;0;0;0;0;0;0;0;0;0;0;0;0;0;0;294;0;0;0;0;0;0;0;0;0;0;0;0;0;0.66;Pen. 0.66%;7.0;Pen. 7.0%;17.69;Pen. 17.69%;8.35;Pen. 8.35%;8.31;Pen. 8.31%;;;;;2.65;Pen. 2.65%;21.59;Pen. 21.59%;5.01;Pen. 5.01%;;;;;2.21;Pen. 2.21%;9.52;Pen. 9.52%;2.05;Pen. 2.05%
01/07/2017;Jul;VALLE Y CAUCA;929;49;166;643;63;2;30;3;213;32;16;118;19;49;251;88819;1841;907;2682;750;0;0;907;907;1083;0;0;1086;750;8061;437432335;8932425;3856655;2184820;15549456;624000;1820059;25298;9257694;743661;391595;4302016;515680;8275904;21762303;0;102;0;0;0;0;0;0;0;7;0;0;3;0;0;0;12;0;0;0;0;0;0;0;0;0;0;0;0;0;0;8;10;0;43;0;0;0;0;0;0;0;0;1;21;0;137;152;54;585;0;46;1;206;0;0;0;0;26;219;2;0;3;9;15;30;3;2;7;25;16;118;16;22;11;0;35;1;0;0;0;0;0;0;0;0;0;0;0;0;0;62;0;0;0;0;0;0;0;0;0;0;0;0;0;0;0;0;0;0;0;0;0;0;0;0;0;0;0;0;0;573;0;0;0;0;0;0;0;0;0;0;0;0;0;1.05;Pen. 1.05%;6.53;Pen. 6.53%;23.97;Pen. 23.97%;6.95;Pen. 6.95%;9.02;Pen. 9.02%;;;;;0.33;Pen. 0.33%;23.48;Pen. 23.48%;2.95;Pen. 2.95%;;;;;1.75;Pen. 1.75%;6.53;Pen. 6.53%;3.11;Pen. 3.11%
01/07/2017;Jul;OTRA;41;4;3;4;19;1947;1263;1;9;4337;128;49;2180;7;15;0;199;23;0;25;20159;10246;0;0;42445;5210;0;32213;16;0;17501900;107933;1291042;129620;441978;274824000;15996891;49057;208892;64965039;3387662;1595492;29675059;840234;856162;0;0;0;0;0;0;0;0;0;0;0;0;0;0;0;0;0;0;0;0;0;0;0;0;0;0;0;0;0;0;0;0;0;0;0;0;0;0;0;0;0;0;0;0;0;0;0;0;0;0;0;0;0;0;0;0;0;0;0;0;1;41;2;4;4;9;2;1;9;1;17;49;1;6;15;0;0;0;0;0;0;0;0;0;0;0;0;0;0;0;0;0;0;0;0;0;0;0;0;0;0;0;0;0;0;1946;0;1;15;0;1254;2;0;0;4336;111;0;2179;1;0;0;0;0;0;0;0;0;0;0;0;0;0;0;0;0;;;16.0;Pen. 16.0%;;;82.61;Pen. 82.61%;1.51;Pen. 1.51%;9.66;Pen. 9.66%;12.33;Pen. 12.33%;;;;;10.22;Pen. 10.22%;2.46;Pen. 2.46%;;;6.77;Pen. 6.77%;43.75;Pen. 43.75%;;
01/08/2017;Aug;TODAS;8888;419;1872;8150;737;1231;1244;0;2327;4188;0;0;2368;0;2597;1123941;24394;8426;31379;5856;22666;10124;8333;8333;61021;5107;0;50972;5782;92532;4347069019;133386618;52289179;21832621;296860830;357504000;21748183;0;109554062;234911861;0;0;77476818;0;229335340;0;1241;0;0;0;0;0;0;0;613;0;0;124;0;0;0;177;0;0;0;0;0;0;0;0;0;0;0;0;0;0;33;0;1;0;0;1;0;14;0;0;0;0;0;175;0;1626;1775;531;7956;0;322;0;2207;0;0;0;0;0;2342;34;38;78;174;183;147;93;0;106;335;0;0;156;0;76;0;228;1;0;11;0;3;0;0;0;0;0;0;0;4;0;963;0;0;0;0;0;0;0;0;0;0;0;0;0;1197;0;18;31;0;1097;0;0;0;3240;0;0;2088;0;0;0;4582;0;0;0;0;0;0;0;0;0;0;0;0;0;;;;;;;;;;;;;;;;;;;;;;;;;;;;;;
01/08/2017;Aug;ANTIOQUIA;1014;47;122;1693;39;4;5;0;203;62;0;0;14;0;232;96102;2163;799;5682;737;0;0;799;799;1661;0;0;1671;737;13199;464531600;9156192;3007087;1822535;50658131;1152000;290931;0;13106648;5587777;0;0;1078668;0;26229422;0;86;0;0;0;0;0;0;0;43;0;0;9;0;0;0;28;0;0;0;0;0;0;0;0;0;0;0;0;0;0;6;0;0;0;0;1;0;5;0;0;0;0;0;27;0;285;114;26;1679;0;40;0;190;0;0;0;0;0;198;4;0;8;13;13;5;6;0;8;19;0;0;5;0;6;0;31;0;0;1;0;0;0;0;0;0;0;0;0;1;0;72;0;0;0;0;0;0;0;0;0;0;0;0;0;0;0;0;0;0;0;0;0;0;0;0;0;0;0;0;0;506;0;0;0;0;0;0;0;0;0;0;0;0;0;1.06;Pen. 1.06%;6.38;Pen. 6.38%;29.8;Pen. 29.8%;4.88;Pen. 4.88%;5.64;Pen. 5.64%;;;;;0.0;Pen. 0.0%;25.41;Pen. 25.41%;3.73;Pen. 3.73%;;;;;0.84;Pen. 0.84%;0.0;Pen. 0.0%;1.76;Pen. 1.76%
01/08/2017;Aug;BOGOTA;2354;172;612;2439;243;8;46;0;749;407;0;0;115;0;827;441742;8200;2181;8234;1662;0;0;2181;2181;6868;0;0;6887;1662;25913;1233559600;53148623;20814158;8670000;95925215;2256000;1737712;0;43785504;35749173;0;0;7396334;0;89547736;0;499;0;0;0;0;0;0;0;255;0;0;46;0;0;0;42;0;0;0;0;0;0;0;0;0;0;0;0;0;0;11;0;1;0;0;0;0;5;0;0;0;0;0;29;0;276;591;177;2359;0;119;0;700;0;0;0;0;0;765;8;0;20;65;77;46;51;0;44;152;0;0;69;0;32;0;52;1;0;3;0;2;0;0;0;0;0;0;0;1;0;387;0;0;0;0;0;0;0;0;0;0;0;0;0;0;0;0;0;0;0;0;0;0;0;0;0;0;0;0;0;1087;0;0;0;0;0;0;0;0;0;0;0;0;0;0.53;Pen. 0.53%;10.35;Pen. 10.35%;29.62;Pen. 29.62%;11.14;Pen. 11.14%;7.46;Pen. 7.46%;;;;;0.0;Pen. 0.0%;34.34;Pen. 34.34%;5.93;Pen. 5.93%;;;;;1.67;Pen. 1.67%;0.0;Pen. 0.0%;3.19;Pen. 3.19%
01/08/2017;Aug;CARIBE;1131;40;283;831;112;3;19;0;430;130;0;0;37;0;460;129598;3866;1321;4045;752;0;0;1321;1321;2041;0;0;2052;752;12356;609742800;18306686;6932999;1852923;34076983;864000;506164;0;14317064;12651919;0;0;2843346;0;33034131;0;170;0;0;0;0;0;0;0;92;0;0;20;0;0;0;25;0;0;0;0;0;0;0;0;0;0;0;0;0;0;6;0;0;0;0;0;0;1;0;0;0;0;0;20;0;336;274;83;818;0;30;0;419;0;0;0;0;0;430;3;0;9;29;12;19;10;0;10;38;0;0;17;0;9;0;28;0;0;1;0;0;0;0;0;0;0;0;0;1;0;47;0;0;0;0;0;0;0;0;0;0;0;0;0;0;0;0;0;0;0;0;0;0;0;0;0;0;0;0;0;519;0;0;0;0;0;0;0;0;0;0;0;0;0;0.87;Pen. 0.87%;5.32;Pen. 5.32%;20.54;Pen. 20.54%;8.48;Pen. 8.48%;7.32;Pen. 7.32%;;;;;0.0;Pen. 0.0%;32.55;Pen. 32.55%;6.37;Pen. 6.37%;;;;;1.8;Pen. 1.8%;0.0;Pen. 0.0%;3.72;Pen. 3.72%
01/08/2017;Aug;CENTRO SUR;1303;48;301;898;98;7;28;0;259;138;0;0;43;0;302;134692;2989;1242;4103;626;0;0;1242;1242;1937;0;0;1948;626;12566;621923200;18059447;6504547;4737109;39500310;2112000;814393;0;11788066;11504490;0;0;3030004;0;26017892;0;130;0;0;0;0;0;0;0;88;0;0;21;0;0;0;19;0;0;0;0;0;0;0;0;0;0;0;0;0;0;0;0;0;0;0;0;0;2;0;0;0;0;0;34;0;259;288;80;877;0;41;0;245;0;0;0;0;0;264;7;0;13;18;18;28;7;0;12;50;0;0;22;0;4;0;43;0;0;3;0;0;0;0;0;0;0;0;0;0;0;95;0;0;0;0;0;0;0;0;0;0;0;0;0;0;0;0;0;0;0;0;0;0;0;0;0;0;0;0;0;757;0;0;0;0;0;0;0;0;0;0;0;0;0;0.97;Pen. 0.97%;7.67;Pen. 7.67%;21.89;Pen. 21.89%;7.89;Pen. 7.89%;10.07;Pen. 10.07%;;;;;0.0;Pen. 0.0%;20.85;Pen. 20.85%;7.12;Pen. 7.12%;;;;;2.21;Pen. 2.21%;0.0;Pen. 0.0%;2.4;Pen. 2.4%
01/08/2017;Aug;CUNDINAMARCA;607;15;115;470;43;4;2;0;179;30;0;0;11;0;185;63829;1445;464;1729;287;0;0;464;464;416;0;0;417;287;5329;242484266;6948216;3172141;573021;12968738;1104000;24203;0;5777180;2660882;0;0;785538;0;9935111;0;81;0;0;0;0;0;0;0;16;0;0;4;0;0;0;24;0;0;0;0;0;0;0;0;0;0;0;0;0;0;2;0;0;0;0;0;0;0;0;0;0;0;0;4;0;83;111;29;453;0;12;0;176;0;0;0;0;0;178;4;0;4;14;17;2;2;0;3;14;0;0;7;0;3;0;14;0;0;0;0;1;0;0;0;0;0;0;0;0;0;89;0;0;0;0;0;0;0;0;0;0;0;0;0;0;0;0;0;0;0;0;0;0;0;0;0;0;0;0;0;314;0;0;0;0;0;0;0;0;0;0;0;0;0;0.95;Pen. 0.95%;5.23;Pen. 5.23%;27.18;Pen. 27.18%;9.27;Pen. 9.27%;7.96;Pen. 7.96%;;;;;0.0;Pen. 0.0%;38.58;Pen. 38.58%;7.21;Pen. 7.21%;;;;;2.64;Pen. 2.64%;0.0;Pen. 0.0%;3.47;Pen. 3.47%
01/08/2017;Aug;EJE CAFETERO;835;37;137;602;50;4;14;0;226;69;0;0;25;0;263;88480;1822;863;2303;577;0;0;863;863;1532;0;0;1546;577;7650;397432100;6063270;3104926;1311001;16235929;1248000;376930;0;8765855;6480746;0;0;1643538;0;18316138;0;86;0;0;0;0;0;0;0;46;0;0;10;0;0;0;13;0;0;0;0;0;0;0;0;0;0;0;0;0;0;2;0;0;0;0;0;0;1;0;0;0;0;0;29;0;136;132;42;593;0;33;0;217;0;0;0;0;0;229;4;0;5;8;8;14;4;0;8;23;0;0;15;0;4;0;8;0;0;1;0;0;0;0;0;0;0;0;0;1;0;63;0;0;0;0;0;0;0;0;0;0;0;0;0;0;0;0;0;0;0;0;0;0;0;0;0;0;0;0;0;527;0;0;0;0;0;0;0;0;0;0;0;0;0;0.94;Pen. 0.94%;6.41;Pen. 6.41%;26.14;Pen. 26.14%;5.79;Pen. 5.79%;7.52;Pen. 7.52%;;;;;0.0;Pen. 0.0%;26.19;Pen. 26.19%;4.5;Pen. 4.5%;;;;;1.62;Pen. 1.62%;0.0;Pen. 0.0%;3.44;Pen. 3.44%
01/08/2017;Aug;SANTANDERES Y ARAUCA;581;19;118;447;50;1;20;0;113;56;0;0;15;0;132;79003;1602;543;2340;409;0;0;543;543;975;0;0;979;409;6697;259894430;8147337;2892246;824460;19741714;240000;710013;0;4669168;5487872;0;0;1066334;0;11157146;0;81;0;0;0;0;0;0;0;39;0;0;8;0;0;0;12;0;0;0;0;0;0;0;0;0;0;0;0;0;0;0;0;0;0;0;0;0;0;0;0;0;0;0;14;0;69;108;43;432;0;15;0;111;0;0;0;0;0;117;1;0;10;7;14;20;4;0;2;17;0;0;7;0;1;0;16;0;0;1;0;0;0;0;0;0;0;0;0;0;0;115;0;0;0;0;0;0;0;0;0;0;0;0;0;0;0;0;0;0;0;0;0;0;0;0;0;0;0;0;0;288;0;0;0;0;0;0;0;0;0;0;0;0;0;0.74;Pen. 0.74%;4.65;Pen. 4.65%;19.1;Pen. 19.1%;9.21;Pen. 9.21%;7.37;Pen. 7.37%;;;;;0.0;Pen. 0.0%;20.81;Pen. 20.81%;5.74;Pen. 5.74%;;;;;1.53;Pen. 1.53%;0.0;Pen. 0.0%;1.97;Pen. 1.97%
01/08/2017;Aug;VALLE Y CAUCA;1025;41;164;758;61;3;9;0;153;53;0;0;17;0;182;90495;1960;920;2941;732;0;0;920;920;1271;0;0;1276;732;8822;499630123;12633614;3854485;2041572;25444032;816000;136532;0;6819651;4645707;0;0;1074000;0;14294787;0;108;0;0;0;0;0;0;0;34;0;0;6;0;0;0;14;0;0;0;0;0;0;0;0;0;0;0;0;0;0;6;0;0;0;0;0;0;0;0;0;0;0;0;18;0;182;157;51;745;0;32;0;149;0;0;0;0;0;161;3;0;7;10;12;9;9;0;4;19;0;0;11;0;3;0;36;0;0;1;0;0;0;0;0;0;0;0;0;0;0;95;0;0;0;0;0;0;0;0;0;0;0;0;0;0;0;0;0;0;0;0;0;0;0;0;0;0;0;0;0;584;0;0;0;0;0;0;0;0;0;0;0;0;0;1.13;Pen. 1.13%;5.6;Pen. 5.6%;25.77;Pen. 25.77%;6.63;Pen. 6.63%;8.37;Pen. 8.37%;;;;;0.0;Pen. 0.0%;16.63;Pen. 16.63%;4.17;Pen. 4.17%;;;;;1.33;Pen. 1.33%;0.0;Pen. 0.0%;2.06;Pen. 2.06%
01/08/2017;Aug;OTRA;38;0;20;12;41;1197;1101;0;15;3243;0;0;2091;0;14;0;347;93;2;74;22666;10124;0;0;44320;5107;0;34196;0;0;17870900;923233;2006590;0;2309778;347712000;17151305;0;524926;150143295;0;0;58559056;0;802977;0;0;0;0;0;0;0;0;0;0;0;0;0;0;0;0;0;0;0;0;0;0;0;0;0;0;0;0;0;0;0;0;0;0;0;0;0;0;0;0;0;0;0;0;0;0;0;0;0;0;0;0;0;0;0;0;0;0;0;0;0;38;2;10;12;4;0;0;15;3;0;0;3;0;14;0;0;0;0;0;0;0;0;0;0;0;0;0;0;0;0;0;0;0;0;0;0;0;0;0;0;0;0;0;0;1197;0;18;31;0;1097;0;0;0;3240;0;0;2088;0;0;0;0;0;0;0;0;0;0;0;0;0;0;0;0;0;;;0.0;Pen. 0.0%;600.0;Pen. 600.0%;44.09;Pen. 44.09%;5.76;Pen. 5.76%;5.28;Pen. 5.28%;10.88;Pen. 10.88%;;;;;7.32;Pen. 7.32%;0.0;Pen. 0.0%;;;6.11;Pen. 6.11%;;;;
01/09/2017;Sep;TODAS;5934;22;66;39;62;428;704;0;1264;2657;0;0;1523;0;1376;1041651;22133;6433;28948;5143;0;11757;6389;6389;54920;0;0;43255;5095;82029;2899589696;3546765;4097998;1143719;9633668;124512000;19170447;0;58869788;152129504;0;0;60980638;0;124824414;0;902;0;0;0;0;0;0;0;11;0;0;5;0;0;0;107;0;0;0;0;0;0;0;0;0;0;0;0;0;0;12;0;0;0;0;0;0;8;0;0;0;0;0;58;0;905;2;0;0;0;0;0;1170;0;0;0;0;0;1243;428;22;62;62;38;60;22;0;86;218;0;0;86;0;72;0;111;2;0;1;0;0;0;0;0;0;0;0;0;3;0;544;0;0;0;0;0;0;0;0;0;0;0;0;0;0;0;0;0;0;644;0;0;0;2428;0;0;1432;0;0;0;3331;0;0;0;0;0;0;0;0;0;0;0;0;0;;;;;;;;;;;;;;;;;;;;;;;;;;;;;;
01/09/2017;Sep;ANTIOQUIA;721;3;11;1;1;32;2;0;103;25;0;0;9;0;114;87417;2027;605;5311;758;0;0;605;605;1538;0;0;1549;758;12043;334167010;743986;162247;175524;183348;9360000;485050;0;6392290;1370037;0;0;664838;0;12055568;0;63;0;0;0;0;0;0;0;2;0;0;0;0;0;0;9;0;0;0;0;0;0;0;0;0;0;0;0;0;0;0;0;0;0;0;0;0;3;0;0;0;0;0;6;0;160;1;0;0;0;0;0;91;0;0;0;0;0;97;32;0;10;1;1;2;3;0;9;23;0;0;9;0;11;0;4;0;0;0;0;0;0;0;0;0;0;0;0;0;0;48;0;0;0;0;0;0;0;0;0;0;0;0;0;0;0;0;0;0;0;0;0;0;0;0;0;0;0;0;0;437;0;0;0;0;0;0;0;0;0;0;0;0;0;0.82;Pen. 0.82%;0.4;Pen. 0.4%;0.02;Pen. 0.02%;0.17;Pen. 0.17%;0.54;Pen. 0.54%;;;;;0.0;Pen. 0.0%;17.02;Pen. 17.02%;1.63;Pen. 1.63%;;;;;0.58;Pen. 0.58%;0.0;Pen. 0.0%;0.95;Pen. 0.95%
01/09/2017;Sep;BOGOTA;1506;10;18;7;32;163;23;0;494;101;0;0;39;0;535;409953;7533;1979;7281;1298;0;0;1979;1979;6488;0;0;6519;1298;22931;775826371;943066;1977972;599427;1413780;46080000;3131481;0;24823409;6248255;0;0;1366376;0;56473565;0;384;0;0;0;0;0;0;0;6;0;0;4;0;0;0;26;0;0;0;0;0;0;0;0;0;0;0;0;0;0;4;0;0;0;0;0;0;1;0;0;0;0;0;11;0;130;1;0;0;0;0;0;456;0;0;0;0;0;489;163;0;16;32;7;23;10;0;37;95;0;0;35;0;34;0;37;1;0;0;0;0;0;0;0;0;0;0;0;1;0;211;0;0;0;0;0;0;0;0;0;0;0;0;0;0;0;0;0;0;0;0;0;0;0;0;0;0;0;0;0;714;0;0;0;0;0;0;0;0;0;0;0;0;0;0.37;Pen. 0.37%;0.77;Pen. 0.77%;0.1;Pen. 0.1%;1.62;Pen. 1.62%;0.24;Pen. 0.24%;;;;;0.0;Pen. 0.0%;24.96;Pen. 24.96%;1.56;Pen. 1.56%;;;;;0.6;Pen. 0.6%;0.0;Pen. 0.0%;2.33;Pen. 2.33%
01/09/2017;Sep;CARIBE;779;0;14;6;4;56;13;0;193;34;0;0;11;0;200;124161;3269;882;3667;633;0;0;882;882;1788;0;0;1801;633;10421;418370900;821817;270023;0;1967082;16560000;2017075;0;6672540;3091406;0;0;910334;0;13258783;0;100;0;0;0;0;0;0;0;0;0;0;0;0;0;0;11;0;0;0;0;0;0;0;0;0;0;0;0;0;0;1;0;0;0;0;0;0;1;0;0;0;0;0;9;0;194;0;0;0;0;0;0;186;0;0;0;0;0;186;56;0;14;4;6;13;0;0;6;34;0;0;11;0;4;0;16;0;0;0;0;0;0;0;0;0;0;0;0;1;0;49;0;0;0;0;0;0;0;0;0;0;0;0;0;0;0;0;0;0;0;0;0;0;0;0;0;0;0;0;0;408;0;0;0;0;0;0;0;0;0;0;0;0;0;0.63;Pen. 0.63%;0.0;Pen. 0.0%;0.16;Pen. 0.16%;0.45;Pen. 0.45%;0.43;Pen. 0.43%;;;;;0.0;Pen. 0.0%;21.88;Pen. 21.88%;1.9;Pen. 1.9%;;;;;0.61;Pen. 0.61%;0.0;Pen. 0.0%;1.92;Pen. 1.92%
01/09/2017;Sep;CENTRO SUR;861;2;9;15;4;61;3;0;151;26;0;0;14;0;172;122513;2719;774;3832;605;0;0;774;774;1963;0;0;1977;605;11050;413935710;536760;278954;71819;3203809;17712000;273275;0;6662051;2020169;0;0;876334;0;13277700;0;95;0;0;0;0;0;0;0;3;0;0;1;0;0;0;17;0;0;0;0;0;0;0;0;0;0;0;0;0;0;3;0;0;0;0;0;0;0;0;0;0;0;0;10;0;147;0;0;0;0;0;0;141;0;0;0;0;0;154;61;0;9;4;15;3;2;0;10;23;0;0;13;0;8;0;21;0;0;0;0;0;0;0;0;0;0;0;0;0;0;35;0;0;0;0;0;0;0;0;0;0;0;0;0;0;0;0;0;0;0;0;0;0;0;0;0;0;0;0;0;543;0;0;0;0;0;0;0;0;0;0;0;0;0;0.7;Pen. 0.7%;0.33;Pen. 0.33%;0.39;Pen. 0.39%;0.52;Pen. 0.52%;0.33;Pen. 0.33%;;;;;0.0;Pen. 0.0%;19.51;Pen. 19.51%;1.32;Pen. 1.32%;;;;;0.71;Pen. 0.71%;0.0;Pen. 0.0%;1.56;Pen. 1.56%
01/09/2017;Sep;CUNDINAMARCA;416;1;3;1;4;20;6;0;99;11;0;0;3;0;98;60329;1366;374;1609;218;0;0;374;374;387;0;0;388;218;4715;167242400;67069;109274;46053;58971;5904000;1122112;0;3819704;707835;0;0;88334;0;6956134;0;67;0;0;0;0;0;0;0;0;0;0;0;0;0;0;10;0;0;0;0;0;0;0;0;0;0;0;0;0;0;1;0;0;0;0;0;0;1;0;0;0;0;0;1;0;45;0;0;0;0;0;0;90;0;0;0;0;0;90;20;0;3;4;1;6;1;0;8;11;0;0;3;0;7;0;8;0;0;0;0;0;0;0;0;0;0;0;0;0;0;45;0;0;0;0;0;0;0;0;0;0;0;0;0;0;0;0;0;0;0;0;0;0;0;0;0;0;0;0;0;240;0;0;0;0;0;0;0;0;0;0;0;0;0;0.69;Pen. 0.69%;0.46;Pen. 0.46%;0.06;Pen. 0.06%;1.07;Pen. 1.07%;0.22;Pen. 0.22%;;;;;0.0;Pen. 0.0%;26.47;Pen. 26.47%;2.84;Pen. 2.84%;;;;;0.77;Pen. 0.77%;0.0;Pen. 0.0%;2.08;Pen. 2.08%
01/09/2017;Sep;EJE CAFETERO;512;2;4;1;4;23;4;0;82;12;0;0;5;0;96;80386;1596;560;2172;525;0;0;560;560;1596;0;0;1609;525;6516;258672800;101417;109052;42844;137818;6912000;288650;0;3395241;1131501;0;0;332000;0;7419616;0;61;0;0;0;0;0;0;0;0;0;0;0;0;0;0;10;0;0;0;0;0;0;0;0;0;0;0;0;0;0;0;0;0;0;0;0;0;1;0;0;0;0;0;9;0;63;0;0;0;0;0;0;75;0;0;0;0;0;83;23;0;4;4;1;4;2;0;6;12;0;0;5;0;3;0;3;0;0;0;0;0;0;0;0;0;0;0;0;1;0;30;0;0;0;0;0;0;0;0;0;0;0;0;0;0;0;0;0;0;0;0;0;0;0;0;0;0;0;0;0;345;0;0;0;0;0;0;0;0;0;0;0;0;0;0.64;Pen. 0.64%;0.38;Pen. 0.38%;0.05;Pen. 0.05%;0.71;Pen. 0.71%;0.25;Pen. 0.25%;;;;;0.0;Pen. 0.0%;14.64;Pen. 14.64%;0.75;Pen. 0.75%;;;;;0.31;Pen. 0.31%;0.0;Pen. 0.0%;1.47;Pen. 1.47%
01/09/2017;Sep;SANTANDERES Y ARAUCA;371;3;2;4;6;27;6;0;57;4;0;0;3;0;58;72359;1545;410;2294;389;0;0;410;410;986;0;0;990;389;6281;165918400;136474;721874;136579;2029159;7968000;1228000;0;2698604;372000;0;0;268000;0;6091904;0;54;0;0;0;0;0;0;0;0;0;0;0;0;0;0;13;0;0;0;0;0;0;0;0;0;0;0;0;0;0;0;0;0;0;0;0;0;0;0;0;0;0;0;1;0;47;0;0;0;0;0;0;53;0;0;0;0;0;56;27;0;2;6;4;6;3;0;4;4;0;0;3;0;1;0;12;0;0;0;0;0;0;0;0;0;0;0;0;0;0;53;0;0;0;0;0;0;0;0;0;0;0;0;0;0;0;0;0;0;0;0;0;0;0;0;0;0;0;0;0;192;0;0;0;0;0;0;0;0;0;0;0;0;0;0.51;Pen. 0.51%;0.77;Pen. 0.77%;0.17;Pen. 0.17%;1.46;Pen. 1.46%;0.13;Pen. 0.13%;;;;;0.0;Pen. 0.0%;13.9;Pen. 13.9%;0.41;Pen. 0.41%;;;;;0.3;Pen. 0.3%;0.0;Pen. 0.0%;0.92;Pen. 0.92%
01/09/2017;Sep;VALLE Y CAUCA;746;1;3;3;6;46;2;0;83;16;0;0;7;0;101;84533;1889;805;2764;669;0;0;805;805;1219;0;0;1224;669;8072;355548105;85340;446747;71473;307281;14016000;257900;0;4315173;1343336;0;0;376202;0;9172093;0;78;0;0;0;0;0;0;0;0;0;0;0;0;0;0;11;0;0;0;0;0;0;0;0;0;0;0;0;0;0;3;0;0;0;0;0;0;1;0;0;0;0;0;11;0;119;0;0;0;0;0;0;78;0;0;0;0;0;88;46;0;2;6;2;2;1;0;4;16;0;0;7;0;2;0;10;1;0;1;0;0;0;0;0;0;0;0;0;0;0;73;0;0;0;0;0;0;0;0;0;0;0;0;0;0;0;0;0;0;0;0;0;0;0;0;0;0;0;0;0;452;0;0;0;0;0;0;0;0;0;0;0;0;0;0.88;Pen. 0.88%;0.15;Pen. 0.15%;0.11;Pen. 0.11%;0.75;Pen. 0.75%;0.16;Pen. 0.16%;;;;;0.0;Pen. 0.0%;10.31;Pen. 10.31%;1.31;Pen. 1.31%;;;;;0.57;Pen. 0.57%;0.0;Pen. 0.0%;1.25;Pen. 1.25%
01/09/2017;Sep;OTRA;22;0;2;1;1;0;645;0;2;2428;0;0;1432;0;2;0;189;44;18;48;0;11757;0;0;38955;0;0;27198;0;0;9908000;110836;21855;0;332420;0;10366904;0;90776;135844965;0;0;56098220;0;119051;0;0;0;0;0;0;0;0;0;0;0;0;0;0;0;0;0;0;0;0;0;0;0;0;0;0;0;0;0;0;0;0;0;0;0;0;0;0;0;0;0;0;0;0;0;0;0;0;0;0;0;0;0;0;0;0;0;0;0;0;0;22;2;1;1;1;0;0;2;0;0;0;0;0;2;0;0;0;0;0;0;0;0;0;0;0;0;0;0;0;0;0;0;0;0;0;0;0;0;0;0;0;0;0;0;0;0;0;0;0;644;0;0;0;2428;0;0;1432;0;0;0;0;0;0;0;0;0;0;0;0;0;0;0;0;0;;;0.0;Pen. 0.0%;5.56;Pen. 5.56%;2.27;Pen. 2.27%;1.06;Pen. 1.06%;;;5.49;Pen. 5.49%;;;;;6.23;Pen. 6.23%;;;;;5.27;Pen. 5.27%;;;;
